Subject,Vowel,Stressed,Word.position,Sentence.position,Word,Region,Pitch,Duration,Intensity,Pitch_z,Duration_z,Intensity_z
1,a,stressed,first,initial,Acha,XJ,151.5452698237315,0.12665464712792,64.79808594324095,-0.9002917240292503,0.5918328973017938,-0.08486071946196504
1,a,stressed,first,initial,Ara,XJ,150.672691918783,0.169385678746922,65.5551562719657,-0.987022094299438,1.7644367326918895,0.22812752007889195
1,a,stressed,first,initial,BAla,XJ,154.1206682080095,0.08604187867148749,63.1699597742155,-0.64430855714531,-0.5226426080507465,-0.7579611225011988
1,a,stressed,first,initial,BAza,XJ,151.9699696714655,0.099360503683443,61.656112911559845,-0.8580784444598636,-0.15715948771820173,-1.3838161408522203
1,a,stressed,first,initial,CHAsa,XJ,159.202895420669,0.13063397993937,67.35434688465264,-0.13915773284476815,0.7010317801793358,0.9719494360848726
1,a,stressed,first,initial,DAcha,XJ,154.501959635456,0.130547172265984,63.6229527218814,-0.6064098818571324,0.698649646940398,-0.570684643903501
1,a,stressed,first,initial,DAka,XJ,151.3132107232425,0.1461506871761265,63.5506518324302,-0.923357368478689,1.126833585777561,-0.6005752990354846
1,a,stressed,first,medial,Acha,XJ,150.317169895632,0.1534002302371495,64.69542786435694,-1.0223594051942302,1.3257719609138399,-0.12730165284086778
1,a,stressed,first,medial,Ara,XJ,157.543283702879,0.1617603325824625,66.90592058362837,-0.3041157703705545,1.5551857546591903,0.7865609018943686
1,a,stressed,first,medial,BAla,XJ,156.31239839941432,0.07840532672793933,63.281678396131866,-0.42646030548220465,-0.7322010895309415,-0.7117743767381812
1,a,stressed,first,medial,BAza,XJ,158.26198622794,0.09709026712796767,64.18611210162614,-0.23267992978926105,-0.21945819643950878,-0.33786312632516413
1,a,stressed,first,medial,CHAsa,XJ,155.40981396281848,0.129431388248092,64.6775824312368,-0.5161731917954163,0.6680308537759168,-0.13467931708710262
1,a,stressed,first,medial,DAcha,XJ,152.1540097133855,0.141845077266454,65.3732537032648,-0.8397856812696182,1.0086811681436645,0.1529253062481665
1,a,stressed,first,medial,DAka,XJ,147.56134248033368,0.15034525131384266,62.16880275759177,-1.2962764168147114,1.2419387402594502,-1.1718597528501933
1,a,stressed,second,initial,aCHA,XJ,177.291777283571,0.10943461925304633,68.47796243718103,1.658796825534457,0.11928940919602253,1.4364749106190209
1,a,stressed,second,initial,aRA,XJ,170.15788127599333,0.18137676259569066,68.0692019819061,0.9497192306316461,2.0934901250115283,1.2674850421269832
1,a,stressed,second,initial,baHA,XJ,175.75943756503,0.140341655036712,67.2339555365886,1.5064890597578082,0.9674249988911943,0.9221772093090742
1,a,stressed,second,initial,baLA,XJ,172.35604637372302,0.1798483258159625,67.56769996108781,1.168207083418095,2.0515475188502594,1.0601539281385397
1,a,stressed,second,initial,chaTAQ,XJ,181.7706398580495,0.0824251676864785,67.3331316068579,2.103975883210374,-0.6218906021158632,0.9631786096551401
1,a,stressed,second,initial,daDA,XJ,161.6545008434365,0.130309301921197,65.35764933224546,0.1045209631973594,0.692122126586811,0.1464741425594361
1,a,stressed,second,initial,daLA,XJ,176.4750501717175,0.1310567663888005,68.46500369922025,1.5776177761693053,0.7126336768190767,1.4311175053329757
1,a,stressed,second,initial,doQA,XJ,183.40817120520848,0.117397241452575,68.0982372942472,2.2667392299129445,0.33779574937007023,1.2794888295551152
1,a,stressed,second,medial,aCHA,XJ,169.96246475764949,0.051947441658853503,61.729077078588375,0.93029569618646335,-1.4582452858176533,-1.3536512733077577
1,a,stressed,second,medial,aRA,XJ,158.783470247048,0.09877670403519634,66.07516473863123,-0.18084673322225644,-0.17317982892449746,0.443109574390993
1,a,stressed,second,medial,baHA,XJ,159.6944612195565,0.1278754873074395,64.3572981606775,-0.09029827455698387,0.6253345896940343,-0.2670913350879146
1,a,stressed,second,medial,baLA,XJ,154.54940171718525,0.125964830490081,65.3304072848954,-0.6016943495345373,0.5729032903019432,0.13521172727505226
1,a,stressed,second,medial,chaTAQ,XJ,175.730762926343,0.0556237169632555,66.18620433504555,1.5036389279626037,-1.3573627571596114,0.48901559722982935
1,a,stressed,second,medial,daDA,XJ,171.525855265164,0.1065639083839295,68.56765455091909,1.0856897725487709,0.04051278134776065,1.473555450846847
1,a,stressed,second,medial,daLA,XJ,155.35934669739498,0.1068949895397005,66.80304975151236,-0.5211894139480522,0.049598146675328005,0.7440320120112738
1,a,stressed,second,medial,doQA,XJ,166.5150053471435,0.0668592254004435,66.4594883061269,0.5876335344826674,-1.049043491585275,0.6019967374992768
1,a,unstressed,first,initial,aCHA,XJ,152.77887632347966,0.07758118048151368,64.9137695885569,-0.7776767140867497,-0.7548169032116796,-0.037034752550675
1,a,unstressed,first,initial,aRA,XJ,149.58721961291235,0.13446460642687066,63.14587907722284,-1.0949132229565977,0.8061499376635727,-0.7679165713844563
1,a,unstressed,first,initial,baHA,XJ,152.154210779736,0.124489109285057,66.4562279411553,-0.8397656961669385,0.5324072788691622,0.6006488364470203
1,a,unstressed,first,initial,baLA,XJ,147.73458001024,0.111525774676677,63.7202460357276,-1.2790573753649348,0.17667386206880792,-0.5304616132755369
1,a,unstressed,first,initial,chaTAQ,XJ,159.85748569477852,0.0520668486829235,63.47172914790135,-0.07409436540580865,-1.454968577320526,-0.6332035386498038
1,a,unstressed,first,initial,daDA,XJ,149.8457013403875,0.097392339413387,61.62506890874354,-1.0692212866780588,-0.21116887818466373,-1.396650361691574
1,a,unstressed,first,initial,daLA,XJ,152.23721628526351,0.100821739952398,63.460497608301104,-0.831515317389251,-0.11706096473693592,-0.6378468850780489
1,a,unstressed,first,medial,aCHA,XJ,155.67599661687075,0.1214094097125975,65.34629525793892,-0.4897158176004817,0.44789568638728633,0.14178013779662152
1,a,unstressed,first,medial,aRA,XJ,149.826164300004,0.12416136692801867,64.32712587679269,-1.071163181764831,0.5234135352050836,-0.2795651696284132
1,a,unstressed,first,medial,baHA,XJ,145.258154338525,0.06604505159910701,62.83903299090205,-1.5252030939722754,-1.0713856463601383,-0.894772971277078
1,a,unstressed,first,medial,baLA,XJ,145.54225696718626,0.09747143655613524,62.30841110484647,-1.4969645538502006,-0.2089983335139438,-1.1141428285770405
1,a,unstressed,first,medial,chaTAQ,XJ,159.85682819109348,0.0477983807762135,64.0249935829047,-0.07415971835336047,-1.5721017624791527,-0.4044727920572728
1,a,unstressed,first,medial,daDA,XJ,154.332151342782,0.0960340514377775,64.8177567076292,-0.6232880723488257,-0.2484423450170365,-0.07672842622221723
1,a,unstressed,first,medial,daLA,XJ,149.873841555907,0.0924454140936325,64.5174075628687,-1.0664242741733323,-0.3469199561144782,-0.20089885861063222
1,a,unstressed,second,initial,Acha,XJ,172.8600791447,0.076101582430355,67.2559235852398,1.2183057033891351,-0.7954193011386429,0.9312592464892525
1,a,unstressed,second,initial,Ara,XJ,169.66891706693266,0.115533473115642,67.0236931593535,0.9011183588238691,0.2866511404672883,0.8352504750341467
1,a,unstressed,second,initial,BAla,XJ,178.84908945171048,0.112954838020765,69.860957454135,1.8135867419453877,0.21588951155824854,2.008233120162558
1,a,unstressed,second,initial,BAza,XJ,165.96378066559,0.11896918117861349,66.36972308627074,0.532844248091074,0.380932141867908,0.5648859737184488
1,a,unstressed,second,initial,CHAsa,XJ,178.2955929564465,0.09523600465837351,66.90095308285035,1.758571647355836,-0.2703419500322757,0.7845072362513761
1,a,unstressed,second,initial,DAcha,XJ,175.43938328866935,0.06891338806183467,65.34289504187916,1.4746770854482432,-0.9926741757976528,0.14037441946607315
1,a,unstressed,second,initial,DAka,XJ,173.464264955875,0.109144457876411,66.76616767813714,1.2783590909640743,0.11132694420902332,0.7287842143122503
1,a,unstressed,second,initial,DOra,XJ,171.596220713454,0.112996933652619,68.8705585746497,1.09268378574783,0.21704467906754898,1.5987821220558265
1,a,unstressed,second,medial,Acha,XJ,162.51366068729197,0.0625943445048795,62.174325277612354,0.18991763775933926,-1.1660782437581296,-1.1695766309875477
1,a,unstressed,second,medial,Ara,XJ,165.946226140144,0.081114130507218,66.3538081808656,0.5310994061884601,-0.6578674359645517,0.5583064288119611
1,a,unstressed,second,medial,BAla,XJ,153.85283698675167,0.06682952266257133,63.94286018250713,-0.6709297916022829,-1.0498585794273156,-0.43842840677703143
1,a,unstressed,second,medial,BAza,XJ,167.58859320005334,0.12139089327518567,67.62819031102413,0.6943434012720863,0.4473875674698571,1.0851618665260727
1,a,unstressed,second,medial,CHAsa,XJ,156.6784963210695,0.054159122807176,58.8146170945122,-0.39007179722382324,-1.3975534256185738,-2.5585481831692487
1,a,unstressed,second,medial,DAcha,XJ,156.8979457495165,0.030021663973468497,56.9999740428963,-0.36825949819945936,-2.0599216328113443,-3.3087584510541554
1,a,unstressed,second,medial,DAka,XJ,158.227327085448,0.054159857357659665,61.49257858937973,-0.2361248946967294,-1.3975332684475015,-1.45142454876576
1,a,unstressed,second,medial,DOra,XJ,160.548822700226,0.032962758902661496,63.8461969495853,-0.005378535995160656,-1.9792135603976548,-0.4783909491626178
1,o,stressed,first,initial,DOra,XJ,156.848629562887,0.16674002334370852,65.5173972812592,-0.37316130822975524,1.6918359656289876,0.21251718695703803
1,o,stressed,first,medial,DOra,XJ,159.392966377361,0.1552294687381695,66.50109834194791,-0.12026552349816585,1.3759690191375749,0.6191991708330292
1,o,unstressed,first,initial,doQA,XJ,154.53614319896548,0.0769371449581145,63.685725372951595,-0.6030121873893735,-0.7724902075119088,-0.5447331559051954
1,o,unstressed,first,medial,doQA,XJ,152.9772466123925,0.0561608029990925,62.78514582128405,-0.7579595879591647,-1.3426243078010223,-0.9170510209015927
2,a,stressed,first,initial,Acha,XJ,122.315576238827,0.113102194954017,66.1615905329177,-0.46975185690532945,0.1523760234730454,0.29725265546772667
2,a,stressed,first,initial,Ara,XJ,125.536149044509,0.171248154145038,65.5262937269288,-0.13364698986968732,1.8473223717547413,-0.003930339667476829
2,a,stressed,first,initial,BAla,XJ,120.319379180138,0.077441971953833,64.7685786382922,-0.6780786321311205,-0.8871143485837354,-0.3631496804596527
2,a,stressed,first,initial,BAza,XJ,125.018107748835,0.090660333335716,67.3370656752596,-0.18771072675968717,-0.5018010152721726,0.854524659261961
2,a,stressed,first,initial,CHAsa,XJ,120.566806738897,0.147039128985019,64.2062366882851,-0.652256639661046,1.1416327699092828,-0.629746066899327
2,a,stressed,first,initial,DAcha,XJ,119.680848765097,0.14097863793589,65.0070064280207,-0.7447168338407455,0.9649703274037102,-0.2501152764504625
2,a,stressed,first,initial,DAka,XJ,119.143350795277,0.101103316170054,65.2683282710876,-0.8008111048224633,-0.19738956748642653,-0.12622720610730054
2,a,stressed,first,medial,Acha,XJ,119.083396968418,0.110097761225516,63.1796693526881,-0.8070679958230862,0.0647972123634422,-1.1164235095189143
2,a,stressed,first,medial,Ara,XJ,119.483354309376,0.129525909890582,62.6381704159862,-0.7653277163717264,0.6311249519325328,-1.3731385914789755
2,a,stressed,first,medial,BAla,XJ,112.812335981986,0.094329914386327,63.3844317072227,-1.461527387425256,-0.39483325537980035,-1.0193492937377238
2,a,stressed,first,medial,BAza,XJ,122.456808280145,0.078039146508717,66.7795156578448,-0.45501262282106736,-0.869706796190246,0.5902000434293931
2,a,stressed,first,medial,CHAsa,XJ,116.103202458538,0.136788026673497,62.1898001375243,-1.1180865443609005,0.8428146117687361,-1.5857030214017036
2,a,stressed,first,medial,DAcha,XJ,120.957627918105,0.115629060172437,65.7130228572947,-0.6114698267560036,0.22603378119428005,0.0845946430373434
2,a,stressed,first,medial,DAka,XJ,126.946821685989,0.149400287865627,67.1444077621089,0.013573386505268344,1.2104602117139995,0.7631889453527704
2,a,stressed,second,initial,aCHA,XJ,146.01940447149,0.104449719372455,68.7160695032793,2.0040230015046134,-0.09984239539224567,1.5082860182213857
2,a,stressed,second,initial,aRA,XJ,119.980772668334,0.172083774079358,64.84656730085,-0.7134162268678389,1.8716805726672783,-0.32617663297331395
2,a,stressed,second,initial,baHA,XJ,131.772597511858,0.129444092687544,67.8352029280739,0.5172001759496542,0.6287399922303414,1.090682732743059
2,a,stressed,second,initial,baLA,XJ,125.41130595918,0.127744276027664,65.3173483496782,-0.14667584253862698,0.5791905810503309,-0.10298765263795998
2,a,stressed,second,initial,chaTAQ,XJ,127.14215343499001,0.077086447996213,65.1174652857546,0.03395856500829631,-0.8974778208194418,-0.19774868291828687
2,a,stressed,second,initial,daDA,XJ,124.789774888248,0.112099502676192,64.7849022025981,-0.2115399616125881,0.12314768777448876,-0.35541096692829427
2,a,stressed,second,initial,daLA,XJ,128.984191282016,0.143366437615383,68.3569076052932,0.2261970030144169,1.0345743446646356,1.3380137058877593
2,a,stressed,second,initial,doQA,XJ,132.390616427298,0.105395994793602,67.6036669392555,0.5816977600542564,-0.0722586029523832,0.9809156098226692
2,a,stressed,second,medial,aCHA,XJ,135.891171684134,0.142967830582617,64.0070463841656,0.9470221076591339,1.0229550069843232,-0.724178671992025
2,a,stressed,second,medial,aRA,XJ,119.074937328682,0.142486175200025,63.2423101550402,-0.8079508592949575,1.008914821850003,-1.0867266114828689
2,a,stressed,second,medial,baHA,XJ,130.041869678978,0.107019712325307,67.5420632757469,0.33657825455768114,-0.024927470414640808,0.9517104009944237
2,a,stressed,second,medial,baLA,XJ,130.583076984045,0.121018374620973,66.1059668817858,0.3930596385485451,0.3831315223163913,0.270882464888565
2,a,stressed,second,medial,chaTAQ,XJ,147.322358593224,0.086497118771619,66.0337445349086,2.140001676188298,-0.6231581210918158,0.2366431258219872
2,a,stressed,second,medial,daDA,XJ,123.614893104904,0.113652312006585,65.990054041438,-0.3341527728729793,0.16841185644149734,0.21593023452713916
2,a,stressed,second,medial,daLA,XJ,115.657303355493,0.190562881915296,63.6125743128962,-1.164621390111271,2.410343908551562,-0.911190913832546
2,a,stressed,second,medial,doQA,XJ,122.205986798978,0.033296805470824,63.2077289844708,-0.48118881123965623,-2.1739396029208935,-1.1031209336787156
2,a,unstressed,first,initial,aCHA,XJ,124.224329737059,0.13018370820335,66.8205692509621,-0.270550851545283,0.6502996781498654,0.609662826839555
2,a,unstressed,first,initial,aRA,XJ,119.475270889985,0.150283403778199,65.3118689525368,-0.7661713168004488,1.2362029135620496,-0.10558533804582736
2,a,unstressed,first,initial,baHA,XJ,122.271099912048,0.071775089855594,66.9733589975581,-0.4743934876959508,-1.0523031467768922,0.6820977471349607
2,a,unstressed,first,initial,baLA,XJ,118.440745619542,0.067802731122376,63.7584821774348,-0.8741362657231371,-1.168096832573935,-0.8420185722730563
2,a,unstressed,first,initial,chaTAQ,XJ,118.94812132266,0.055756702676872,62.2820787965878,-0.8211856095750364,-1.5192368293865994,-1.5419553389613019
2,a,unstressed,first,initial,daDA,XJ,121.850019079467,0.104788665545136,63.6821201297286,-0.5183382533588167,-0.08996216320341224,-0.87822047038745
2,a,unstressed,first,initial,daLA,XJ,119.489209663323,0.09154724329657,65.3410358095986,-0.7647166409269078,-0.4759477174623347,-0.09175784625657148
2,a,unstressed,first,medial,aCHA,XJ,119.91607071479,0.108826259100201,62.2376268245046,-0.7201686410515785,0.02773310826886434,-1.5630292338171765
2,a,unstressed,first,medial,aRA,XJ,124.263207517181,0.071804056793713,62.7464592222861,-0.2664934953211063,-1.0514587646965414,-1.32180078100431
2,a,unstressed,first,medial,baHA,XJ,117.270436929861,0.063979175846651,64.7548324115251,-0.996271820566646,-1.2795529189849073,-0.3696665237846832
2,a,unstressed,first,medial,baLA,XJ,117.776189489625,0.077408149532335,63.1846972907273,-0.9434905586269969,-0.8881002673063028,-1.11403985289775
2,a,unstressed,first,medial,chaTAQ,XJ,124.399378930524,0.035401774349566,62.7672136987001,-0.25228239762601473,-2.1125800628271545,-1.3119614503010795
2,a,unstressed,first,medial,daDA,XJ,126.746382205597,0.075511366621324,66.9182862946827,-0.007344844185553623,-0.9433912163805023,0.6559887513933834
2,a,unstressed,first,medial,daLA,XJ,115.498896494728,0.097246006750589,63.5671404176405,-1.1811530197583389,-0.3098295823331397,-0.9327303211218206
2,a,unstressed,second,initial,Acha,XJ,145.669801541335,0.100646708934513,66.8392179719244,1.9675378004410933,-0.21069960273645522,0.618503856074897
2,a,unstressed,second,initial,Ara,XJ,141.816088191093,0.160422121411731,68.508775078546,1.5653572284349648,1.53174507450155,1.4100113926803017
2,a,unstressed,second,initial,BAla,XJ,130.639100064606,0.120129497957653,66.3594736531652,0.39890630967787427,0.3572208954125068,0.3910655477741329
2,a,unstressed,second,initial,BAza,XJ,139.723458620533,0.11631891824205,71.422564657082,1.346966579936962,0.24614304471303838,2.791387568641354
2,a,unstressed,second,initial,CHAsa,XJ,147.05829934955,0.081773232957074,67.8908239754681,2.112443970668335,-0.7608587132302832,1.117051688936165
2,a,unstressed,second,initial,DAcha,XJ,140.387426863666,0.103738997726409,65.5701462069796,1.416259519901054,-0.12055982916357524,0.01685934660404215
2,a,unstressed,second,initial,DAka,XJ,126.188121159675,0.142160500401548,64.3106330658904,-0.06560598775596167,0.9994214483106226,-0.5802535881208668
2,a,unstressed,second,initial,DOra,XJ,136.617718598672,0.10157685266386,71.2594800545358,1.022845872200374,-0.18358604679261792,2.714072038967246
2,a,unstressed,second,medial,Acha,XJ,131.334785402742,0.11632970997413,66.2329670263924,0.4715093036733265,0.24645762215118067,0.33109099037560685
2,a,unstressed,second,medial,Ara,XJ,128.610568538561,0.130884573281043,63.2490201657203,0.18720505031305798,0.6707297943712062,-1.0835455139313448
2,a,unstressed,second,medial,BAla,XJ,111.661714920384,0.129656655232202,61.8828194133237,-1.5816083054022843,0.6349361598378945,-1.7312371608652124
2,a,unstressed,second,medial,BAza,XJ,127.720246274809,0.128896118390803,67.837930012661,0.09428939085356826,0.6127666202860909,1.091975595380159
2,a,unstressed,second,medial,CHAsa,XJ,143.388222394766,0.092453567435446,65.2180877762985,1.729428028683742,-0.4495284991551641,-0.1500453373414094
2,a,unstressed,second,medial,DAcha,XJ,138.549220511925,0.036207079447935,65.7011394600415,1.2244209437490234,-2.089105535022926,0.07896093428363873
2,a,unstressed,second,medial,DAka,XJ,158.367536418764,0.117947595683389,67.2577198105991,3.292696630914529,0.2936187579033129,0.8169081862295777
2,a,unstressed,second,medial,DOra,XJ,122.198638304557,0.065821963790478,66.1258217216874,-0.48195571355465067,-1.2258359154389509,0.28029529381060686
2,o,stressed,first,initial,DOra,XJ,131.399284219316,0.131356411878566,69.4635150438754,0.4782405181114272,0.6844838216325445,1.8626367476678658
2,o,stressed,first,medial,DOra,XJ,120.34852277346,0.14374093714245,65.8797001999122,-0.6750371534410093,1.0454909520207916,0.16361342732443007
2,o,unstressed,first,initial,doQA,XJ,128.996917355226,0.066589101313113,66.4337464472565,0.22752511928509495,-1.20347396697838,0.42627696765000866
2,o,unstressed,first,medial,doQA,XJ,123.721484204282,0.050470947239985,64.8002965769379,-0.3230287308328734,-1.67331584021226,-0.3481127659485588
3,a,stressed,first,initial,Acha,XJ,257.625678798792,0.179154029205631,77.0023247873458,-0.11759950739544715,0.37188814214676663,1.2361243601232885
3,a,stressed,first,initial,Ara,XJ,244.677219152914,0.207744092903091,75.6183624709453,-0.38792755254104194,0.9543793448394771,0.6384649567425785
3,a,stressed,first,initial,BAla,XJ,219.262970998134,0.112935026677017,75.2803814389863,-0.9185068036965072,-0.9772514341820125,0.4925090014966414
3,a,stressed,first,initial,BAza,XJ,230.815274117324,0.146178327105308,77.1824138196543,-0.6773266475584654,-0.29995563474415926,1.3138951941477615
3,a,stressed,first,initial,CHAsa,XJ,260.093261229952,0.180709659286969,72.0195583860262,-0.06608320714861082,0.4035823995157711,-0.9156663059285796
3,a,stressed,first,initial,DAcha,XJ,233.8155332096125,0.20421971049659549,75.9298461879336,-0.6146895310573659,0.882573917316383,0.7729781369440577
3,a,stressed,first,initial,DAka,XJ,233.635639185143,0.150698144639022,75.0499219555001,-0.6184452210234461,-0.20786930786414723,0.39298586002699315
3,a,stressed,first,medial,Acha,XJ,214.979898733972,0.166737510891486,73.4967293472112,-1.0079255132614562,0.1189151945312306,-0.2777550673846743
3,a,stressed,first,medial,Ara,XJ,202.838942921658,0.208675936759023,74.193847426975,-1.2613951104723249,0.9733646417631721,0.023292996352465543
3,a,stressed,first,medial,BAla,XJ,193.842178655187,0.096698439933841,75.1302726668017,-1.4492226794113892,-1.308054087850019,0.4276850404950227
3,a,stressed,first,medial,BAza,XJ,202.063492158454,0.134206816760264,76.4287472456269,-1.277584378899348,-0.5438620328803911,0.9884268561421958
3,a,stressed,first,medial,CHAsa,XJ,223.187972407427,0.142602117868657,71.1334899933781,-0.8365636237982209,-0.3728169771105524,-1.2983119174665445
3,a,stressed,first,medial,DAcha,XJ,209.868878596716,0.185111304949073,75.7744748880077,-1.1146294857949006,0.49326110407122437,0.705881571296436
3,a,stressed,first,medial,DAka,XJ,201.894179796949,0.155319620025261,76.0925741009628,-1.2811191529926667,-0.11371181369304215,0.8432516308549106
3,a,stressed,second,initial,aCHA,XJ,342.167807906099,0.188061637604426,75.6281428445638,1.6474064561749067,0.5533708972828022,0.642688577712891
3,a,stressed,second,initial,aRA,XJ,307.786239603503,0.294838223397371,72.7443877845534,0.9296143478881705,2.728826766710597,-0.6026512037520563
3,a,stressed,second,initial,baHA,XJ,298.304678454785,0.145809983491578,72.235590066347,0.7316655601281297,-0.3074602320348897,-0.8223737620190995
3,a,stressed,second,initial,baLA,XJ,296.30719542459,0.253090112978302,74.97761883448,0.6899636359200249,1.8782547880860083,0.3617620039585521
3,a,stressed,second,initial,chaTAQ,XJ,354.170641071879,0.129756478808284,72.132578103568,1.8979924343261332,-0.6345327894575493,-0.8668591266030878
3,a,stressed,second,initial,daLA,XJ,325.388110694111,0.210262885526394,72.5219687116564,1.2970927609937442,1.0056969830233902,-0.6987021213477357
3,a,stressed,second,initial,doQA,XJ,346.061314448253,0.236523889655576,67.4207836480377,1.7286921103057542,1.540736150511655,-2.9016314825939205
3,a,stressed,second,medial,aCHA,XJ,299.793282593288,0.144114791878317,72.3315221989561,0.7627434997257756,-0.3419979026064571,-0.7809457979331194
3,a,stressed,second,medial,aRA,XJ,268.479626965758,0.174656956808671,74.2022602513353,0.10900092773982854,0.28026522249114694,0.026926045842573347
3,a,stressed,second,medial,baHA,XJ,268.751579941014,0.15140732750685101,72.6572307216047,0.11467855412806736,-0.19342048445535281,-0.6402896839512927
3,a,stressed,second,medial,baLA,XJ,280.139196668558,0.197099271535427,75.0539213745412,0.3524205136362948,0.7375027800821017,0.3947129954913422
3,a,stressed,second,medial,chaTAQ,XJ,328.100327596002,0.098411035653745,73.7405739460956,1.353716352768418,-1.273161827686853,-0.1724516095088159
3,a,stressed,second,medial,daDA,XJ,280.812035293296,0.154721348134475,76.0253133868093,0.366467524253637,-0.12590094754349054,0.8142053209839188
3,a,stressed,second,medial,daLA,XJ,265.117952497687,0.145739430329112,72.1509807395668,0.03881845722035035,-0.30889767536812207,-0.8589120110484625
3,a,stressed,second,medial,doQA,XJ,300.741141302763,0.150405048413869,71.6681541947546,0.7825321694991862,-0.21384082211121871,-1.0674190067153309
3,a,unstressed,first,initial,aCHA,XJ,234.292571795827,0.114433732315901,76.476290364074,-0.6047302840119898,-0.9467169499180464,1.0089581895963178
3,a,unstressed,first,initial,aRA,XJ,230.296683648682,0.230484447471966,78.3494937758811,-0.6881533830508031,1.417689137453177,1.8178946904275743
3,a,unstressed,first,initial,baHA,XJ,228.925191293825,0.097697598366411,75.1553301376526,-0.7167863523274727,-1.2876973302286654,0.43850602377000547
3,a,unstressed,first,initial,baLA,XJ,218.520763748324,0.115879527810111,78.5408079139723,-0.9340020394559126,-0.9172604518429859,1.9005130480771286
3,a,unstressed,first,initial,chaTAQ,XJ,258.703891042641,0.081255270710042,72.7413733526065,-0.0950894161488394,-1.6226917294358583,-0.6039529759011697
3,a,unstressed,first,initial,daLA,XJ,230.436313785219,0.120826421185191,77.4142643511491,-0.6852382917669164,-0.8164729229261143,1.4140190549527858
3,a,unstressed,first,medial,aCHA,XJ,204.65835469514101,0.161148998047799,74.0381795951554,-1.2234108218780355,0.0050553723905719,-0.04393162558149394
3,a,unstressed,first,medial,aRA,XJ,188.426223855424,0.212006675264679,75.5970854237012,-1.562292844794567,1.041224787111042,0.6292765365009895
3,a,unstressed,first,medial,baHA,XJ,207.689033371407,0.1171425857797,74.0531405041488,-1.1601386285496014,-0.8915270304850659,-0.03747080808879999
3,a,unstressed,first,medial,baLA,XJ,210.845035568944,0.104923492807416,74.9077201592216,-1.094250026517546,-1.1404776532104042,0.33157649958680707
3,a,unstressed,first,medial,chaTAQ,XJ,246.897825660657,0.046105957648802,70.2638092828723,-0.3415674268818603,-2.3388204465846503,-1.6738805643965204
3,a,unstressed,first,medial,daDA,XJ,202.790215248927,0.103286954024906,75.2222952609502,-1.2624124095854325,-1.1738203366603261,0.4674246837386208
3,a,unstressed,first,medial,daLA,XJ,202.068618695277,0.11443551286155,74.9746277939319,-1.2774773509813078,-0.9466806732525758,0.36047033330518347
3,a,unstressed,second,initial,Acha,XJ,336.607407291778,0.15803389323021,73.0486036394833,1.5313206614623085,-0.05841147297614482,-0.47127662497794337
3,a,unstressed,second,initial,Ara,XJ,321.500737328113,0.20691200708372,73.7688389914841,1.2159351506276483,0.9374265085394998,-0.1602454461160433
3,a,unstressed,second,initial,BAla,XJ,314.410370672747,0.173919941082606,73.1302233754017,1.0679078941253062,0.2652493351107638,-0.43602942055986993
3,a,unstressed,second,initial,BAza,XJ,311.600137989659,0.193771270814012,76.5057844718184,1.0092380037754323,0.6696984140865317,1.0216951193731414
3,a,unstressed,second,initial,CHAsa,XJ,333.958543292996,0.150363559164649,69.8919392207358,1.4760197031838294,-0.21468612007671886,-1.834471381673757
3,a,unstressed,second,initial,DAcha,XJ,341.4387773070465,0.2083965594476935,70.2325253784592,1.6321863124602904,0.9676726353443187,-1.6873904117568026
3,a,unstressed,second,initial,DAka,XJ,333.105579138258,0.183051418629321,70.8181323929206,1.4582121694048604,0.4512931786933878,-1.4344980210240499
3,a,unstressed,second,initial,DOra,XJ,314.187171853012,0.274586367823012,72.9156420284925,1.0632481197376267,2.3162174128071475,-0.5286956429350089
3,a,unstressed,second,medial,Acha,XJ,310.041588174173,0.130949947578191,72.8430780777667,0.9766997917869135,-0.6102171717479924,-0.5600321374217381
3,a,unstressed,second,medial,Ara,XJ,275.95489102704,0.206283473789811,72.1382247308738,0.2650637781404765,0.9246208317779611,-0.864420649870947
3,a,unstressed,second,medial,BAla,XJ,267.311146985035,0.180288869121094,74.9508173891702,0.0846062956662633,0.3950092612256463,0.35018789126503813
3,a,unstressed,second,medial,BAza,XJ,272.654250743461,0.188374628344226,74.5799114489154,0.19615553268189367,0.559747740454158,0.19001342673222224
3,a,unstressed,second,medial,CHAsa,XJ,293.459255012286,0.135881116411732,71.083188372681,0.6305065124161984,-0.5097500131251421,-1.3200345007035719
3,a,unstressed,second,medial,DAcha,XJ,297.643691658275,0.143693707038093,74.0633352694282,0.7178659829232467,-0.3505770445633717,-0.033068233493896274
3,a,unstressed,second,medial,DAka,XJ,286.426827457453,0.133279273277102,71.8913123023484,0.48368886417715046,-0.56275971442367545,-0.9710489395078966
3,a,unstressed,second,medial,DOra,XJ,279.043949344466,0.176282093548978,72.8218790321336,0.32955477700274993,0.3133756018319821,-0.5691868729338132
3,o,stressed,first,initial,DOra,XJ,235.416993518081,0.223101423856197,78.3611374291655,-0.5812554665889824,1.2672681257700151,1.8229229623629133
3,o,stressed,first,medial,DOra,XJ,208.375152067491,0.176282093548978,76.0809507209652,-1.1458143667514593,0.3133756018319821,0.8382321138692881
3,o,unstressed,first,initial,doQA,XJ,232.163720454728,0.093185070704957,78.5527891297553,-0.6491748154221849,-1.37963513395374,1.905687095225511
3,o,unstressed,first,medial,doQA,XJ,201.459095305153,0.073700784092203,75.4376737189107,-1.290202514516508,-1.7766061118001748,0.5604351358010147
4,a,stressed,first,initial,Acha,XJ,255.157593717893,0.172441489033238,69.8367368447489,-0.3586148599517438,0.5115229390444943,0.5833528336644326
4,a,stressed,first,initial,Ara,XJ,229.978605994209,0.232000538008964,66.4426741332827,-1.2381914802422793,1.906406767771251,-0.8149093016274134
4,a,stressed,first,initial,BAla,XJ,241.275025471239,0.119313237984975,69.8173526808168,-0.8435740883904181,-0.7327504251249185,0.5753670818517209
4,a,stressed,first,initial,BAza,XJ,250.138351533688,0.110379853645217,65.4443375598593,-0.5339518562301941,-0.9419719215327597,-1.2261969965126671
4,a,stressed,first,initial,CHAsa,XJ,243.152833525481,0.186498919350292,65.1506714783814,-0.7779766910672957,0.8407505301483003,-1.347179487720882
4,a,stressed,first,initial,DAcha,XJ,232.930796949126,0.156131345149242,69.0748211852816,-1.135062705921631,0.1295363838651972,0.26946416763598285
4,a,stressed,first,initial,DAka,XJ,243.899244590956,0.18842955195735,71.5352196407952,-0.7519023417120826,0.885966299189464,1.2830818555039338
4,a,stressed,first,medial,Acha,XJ,227.644822844813,0.13636819117696,65.4296488848352,-1.3197174382181782,-0.3333202996222864,-1.2322483337594499
4,a,stressed,first,medial,Ara,XJ,219.645159881873,0.171646049329259,69.0655846387245,-1.5991693601787895,0.4928935955796631,0.2656589600103168
4,a,stressed,first,medial,BAla,XJ,231.134880858751,0.084995628437843,67.10350718363566,-1.1977993743863284,-1.536475122229518,-0.5426639394729851
4,a,stressed,first,medial,BAza,XJ,238.71035412389,0.127087068851523,67.5940931324164,-0.9331656550019429,-0.5506858833048481,-0.34055578337765696
4,a,stressed,first,medial,CHAsa,XJ,245.412490326203,0.153620272141144,62.6574017312143,-0.6990401860097052,0.07072659438760268,-2.3743392596233877
4,a,stressed,first,medial,DAka,XJ,231.313315776285,0.154263856891989,68.4587512032681,-1.1915661142001468,0.08579946705443636,0.01565998021503341
4,a,stressed,second,initial,aCHA,XJ,293.18291595953,0.137078435391215,69.0822636727879,0.9697222753532342,-0.31668625012101215,0.27253027140515595
4,a,stressed,second,initial,aRA,XJ,304.819939702441,0.162675679707967,70.6857110065035,1.376237983067823,0.2828058971084932,0.9331072504618101
4,a,stressed,second,initial,baHA,XJ,325.768593824992,0.173457635024261,70.6145053845499,2.108036520600645,0.5353212641500747,0.9037724580723651
4,a,stressed,second,initial,baLA,XJ,300.747005130975,0.173198711355197,71.4189355774055,1.2339583146256814,0.52925722442709,1.235175963186036
4,a,stressed,second,initial,chaTAQ,XJ,311.639119539941,0.115341409983019,69.0014689157543,1.6144521329154666,-0.8257713639359214,0.23924501444495497
4,a,stressed,second,initial,daDA,XJ,269.284265639449,0.17751175624725,69.3753931463645,0.13487163287607176,0.6302695252606585,0.3932916946562687
4,a,stressed,second,initial,daLA,XJ,279.341460306025,0.252908171350986,70.9054334317411,0.4861992315670254,2.396067367584066,1.0236269531315105
4,a,stressed,second,initial,doQA,XJ,299.435681243395,0.177012270840919,72.3093896833107,1.1881498871463283,0.6185714856183521,1.6020189962555453
4,a,stressed,second,medial,aCHA,XJ,253.864066276864,0.128828325651444,66.3478304711733,-0.403801604840743,-0.509905330330266,-0.8539823279011959
4,a,stressed,second,medial,aRA,XJ,255.297791182109,0.161818001524683,67.9394077542505,-0.35371734726768905,0.26271891706617945,-0.1982954889988737
4,a,stressed,second,medial,baLA,XJ,276.61476059601046,0.19992323548531,68.11137118861365,0.3909475343263999,1.1551504712233167,-0.12745120020231673
4,a,stressed,second,medial,chaTAQ,XJ,314.333428755053,0.093875929545148007,69.0098751669077,1.7085723342298618,-1.328496844842105,0.24270816279747287
4,a,stressed,second,medial,daLA,XJ,290.230392542971,0.212364297786928,69.869882689397,0.8665818871626927,1.4465224275448794,0.5970080261148065
4,a,stressed,second,medial,doQA,XJ,285.931779671533,0.163078258806532,72.1978034571295,0.7164186072528977,0.2922343732851458,1.5560484859399344
4,a,unstressed,first,initial,aCHA,XJ,244.912538174118,0.161880564751882,70.6222388414631,-0.7165049955192737,0.26418415929878136,0.9069584333756817
4,a,unstressed,first,initial,aRA,XJ,243.803332383436,0.226520137992098,73.1852821776636,-0.7552528392086795,1.7780547962413522,1.962863038795617
4,a,unstressed,first,initial,baHA,XJ,265.094154149504,0.084977899258185,69.6300213463018,-0.01150137240164585,-1.5368903428622658,0.49819163340726613
4,a,unstressed,first,initial,baLA,XJ,254.493545100087,0.109833329152076,71.0510203411626,-0.38181204505577415,-0.9547716251982123,1.083604826301185
4,a,unstressed,first,initial,chaTAQ,XJ,267.322437936298,0.062527185411847,64.2408009224865,0.06633918035389225,-2.062690170532315,-1.722021573586521
4,a,unstressed,first,initial,daDA,XJ,230.190020340529,0.092785539644954,69.0393776877865,-1.230806150924923,-1.3540339758901092,0.25486240429133533
4,a,unstressed,first,initial,daLA,XJ,257.129427981216,0.153690350282522,71.363599564441,-0.28973284864374704,0.07236783728581063,1.212379020930111
4,a,unstressed,first,medial,aCHA,XJ,219.21945572705,0.14026279242524,67.1987760641039,-1.6140404672245532,-0.24210802551799526,-0.5034157347240402
4,a,unstressed,first,medial,aRA,XJ,224.405489831516,0.19150729872319,68.6439722570252,-1.4328769351407356,0.9580476917975963,0.09196605000345333
4,a,unstressed,first,medial,baLA,XJ,240.916014936166,0.08907270759129149,69.90985483334545,-0.8561153897546178,-1.4409891821853429,0.6134754694418638
4,a,unstressed,first,medial,chaTAQ,XJ,255.313489335038,0.059143423825275,60.9191183083283,-0.3531689642886099,-2.141938486255082,-3.0904650643752416
4,a,unstressed,first,medial,daLA,XJ,247.024527136435,0.1107782685459,69.2711891273626,-0.642726965443094,-0.9326409716327203,0.35036245424378293
4,a,unstressed,second,initial,Acha,XJ,305.829475058381,0.16911949887673,69.9619433839151,1.4115040432520558,0.4337213215204967,0.6349345449320489
4,a,unstressed,second,initial,Ara,XJ,256.703401175345,0.172621011859445,66.583780906573,-0.3046152268462955,0.5157273964942016,-0.7567771234980916
4,a,unstressed,second,initial,BAla,XJ,283.996825870013,0.155003458738741,69.8273554611338,0.6488249397140572,0.10312107768242483,0.5794879570841277
4,a,unstressed,second,initial,BAza,XJ,296.421526744115,0.149127999611754,69.5001767143914,1.0828565426876697,-0.034483250518305954,0.4446991532424577
4,a,unstressed,second,initial,CHAsa,XJ,299.129965711222,0.135330550173226,66.8280928768431,1.177470338090982,-0.35762204186001495,-0.6561271926429071
4,a,unstressed,second,initial,DAcha,XJ,281.567127963498,0.148421155265329,66.7940085763569,0.5639483951765165,-0.05103767449268785,-0.6701690035430875
4,a,unstressed,second,initial,DAka,XJ,316.720071171137,0.199641888933325,69.6007790771734,1.791944822958098,1.1485612834780279,0.48614460860300246
4,a,unstressed,second,initial,DOra,XJ,280.333873045506,0.176526875015043,70.3291872394836,0.5208671480418755,0.6072034265292645,0.7862290911186152
4,a,unstressed,second,medial,Acha,XJ,291.224993615808,0.1376571154792,67.5090528866506,0.9013262486034194,-0.30313345653853835,-0.37559006698960534
4,a,unstressed,second,medial,Ara,XJ,270.831213070857,0.13917806168505,68.0169878508378,0.18891108864835857,-0.26751261800285014,-0.1663345852878633
4,a,unstressed,second,medial,BAla,XJ,287.873732807272,0.142527137369315,66.1225880859657,0.7842567822677441,-0.1890766524610367,-0.9467761049385516
4,a,unstressed,second,medial,BAza,XJ,275.884741223262,0.171829332791759,68.7637147916152,0.36544579534962857,0.49718612781970073,0.1412967390138359
4,a,unstressed,second,medial,CHAsa,XJ,313.912638031656,0.135415272358184,67.3170936120895,1.693872867897187,-0.3556378327807115,-0.4546721016939455
4,a,unstressed,second,medial,DAka,XJ,269.599722841819,0.141342610759155,66.583716363414,0.14589148732581664,-0.21681848248727015,-0.756803713535752
4,a,unstressed,second,medial,DOra,XJ,293.210840273597,0.192497469585757,70.5653775895,0.9706977543542371,0.9812376746402379,0.8835331338617125
4,o,stressed,first,initial,DOra,XJ,248.885038341427,0.211625785836747,68.9346695588294,-0.5777337982968145,1.4292263424940788,0.2117254841975046
4,o,stressed,first,medial,DOra,XJ,238.010739922011,0.190010422175088,65.8880320768955,-0.9576052513014067,0.9229905690520875,-1.0434068433689432
4,o,unstressed,first,initial,doQA,XJ,240.017264191855,0.099436109975396,64.6168013120996,-0.8875114153152915,-1.1982764014277572,-1.5671195719603175
4,o,unstressed,first,medial,doQA,XJ,243.694633680563,0.062282249989539,65.1041832085693,-0.7590500068610179,-2.068426602955859,-1.3663313988490686
8,a,stressed,first,initial,Acha,KZ,166.645076669114,0.085775246464493,60.8475695735809,-0.5591324109400125,-0.5882263117220179,-1.2551899653361114
8,a,stressed,first,initial,Ara,KZ,164.523133456367,0.149943788752523,59.6357398631418,-0.6368913755611967,1.6478225920930403,-1.737014075723583
8,a,stressed,first,initial,BAla,KZ,160.207040024878,0.131388503948301,60.3171549768289,-0.7950553426385253,1.0012359194486713,-1.4660830792901811
8,a,stressed,first,initial,BAza,KZ,164.029760075013,0.159086294347503,67.9357853319142,-0.6549711257992221,1.966406884097309,1.563088232147513
8,a,stressed,first,initial,CHAsa,KZ,160.938491697501,0.089766822623915,59.5852617270916,-0.7682511735203675,-0.4491338658361961,-1.757084208339488
8,a,stressed,first,initial,DAcha,KZ,163.021150546418,0.140038242450032,64.9173700905946,-0.6919317909949119,1.302649004512478,0.3629647940929771
8,a,stressed,first,initial,DAka,KZ,163.51966546575,0.118046876729181,65.14570214458,-0.6736636282360761,0.536326949185412,0.4537497351096442
8,a,stressed,first,medial,Acha,KZ,159.929839621308,0.120772672334226,61.3746765537341,-0.8052133978799165,0.6313113770274288,-1.0456119614271986
8,a,stressed,first,medial,Ara,KZ,165.554839919299,0.113319396659421,63.2411251140339,-0.599084319336199,0.3715908300392824,-0.3035110627583796
8,a,stressed,first,medial,BAla,KZ,153.71499256642,0.097863003517659,64.5772293332555,-1.032957509675205,-0.16701032419043685,0.22772465564807215
8,a,stressed,first,medial,BAza,KZ,153.795637082561,0.096142855494236,63.6462027175053,-1.0300022778670066,-0.22695145679260512,-0.14245200120114598
8,a,stressed,first,medial,CHAsa,KZ,176.63167399992,0.088220650002541,64.0053903290846,-0.19317187822299248,-0.5030125651467319,3.611761954472039e-4
8,a,stressed,first,medial,DAcha,KZ,164.165456872042,0.116782052533665,61.0634766978222,-0.649998493932356,0.4922522568976008,-1.1693451827171164
8,a,stressed,first,medial,DAka,KZ,160.628622700911,0.077766507139444,66.6465663499152,-0.7796063748274995,-0.8673028210236312,1.0504941079522654
8,a,stressed,second,initial,aCHA,KZ,271.34763888552,0.065539440554261,66.0288968289314,3.2777105272803024,-1.2933732577175348,0.8049083916607875
8,a,stressed,second,initial,aRA,KZ,191.285095538914,0.044449722995665,65.8260977453872,0.34380520965809985,-2.0282760332394365,0.7242753727024808
8,a,stressed,second,initial,baHA,KZ,211.847438857321,0.126113283109703,59.6507242686907,1.0973157263484885,0.8174129533513128,-1.7310562684416768
8,a,stressed,second,initial,baLA,KZ,239.631489374465,0.087305133758491,64.1445034762505,2.1154669135326793,-0.5349150990198563,0.0556726343970492
8,a,stressed,second,initial,chaTAQ,KZ,221.628588186418,0.089734062167963,63.6863473070198,1.4557475826144064,-0.45027545295985477,-0.1264904919535408
8,a,stressed,second,initial,daDA,KZ,215.472067662953,0.1209791226986,65.0926196641276,1.2301408563373317,0.6385054489899582,0.43264411383231804
8,a,stressed,second,initial,daLA,KZ,250.006159314753,0.091793870853906,65.4727990564566,2.4956484320564294,-0.37849833616643236,0.583803633951853
8,a,stressed,second,initial,doQA,KZ,248.113090453393,0.054982674863851,62.1620403613905,2.4262766063960273,-1.6612395596185061,-0.7325557102829042
8,a,stressed,second,medial,aCHA,KZ,176.846277053278,0.116566165936035,63.299912996101,-0.1853077133700324,0.4847293652630659,-0.28013697089172535
8,a,stressed,second,medial,aRA,KZ,174.18243060773,0.122118341754685,65.0016648027649,-0.2829248127680315,0.6782032421879075,0.3964804146062821
8,a,stressed,second,medial,baHA,KZ,180.454138354897,0.105030369966357,63.4188383646094,-0.05309703137560261,0.0827472878636801,-0.23285218377151246
8,a,stressed,second,medial,baLA,KZ,179.133942122718,0.085525041994004,64.3284716595897,-0.10147584353906812,-0.596945061003485,0.1288184778381099
8,a,stressed,second,medial,chaTAQ,KZ,172.960556680486,0.043844963569143,60.514474643967,-0.32770058759054144,-2.0493497806634697,-1.3876286790871064
8,a,stressed,second,medial,daDA,KZ,175.64552541165,0.094290483204873,67.6854036257372,-0.2293094584965228,-0.2915001418553818,1.463536338183532
8,a,stressed,second,medial,daLA,KZ,176.011871062358,0.09310092160149,66.288306891168,-0.21588466073501666,-0.3329521964669017,0.9080499645946817
8,a,stressed,second,medial,doQA,KZ,169.216537062793,0.124429425543042,67.7235560395226,-0.4649008138945812,0.7587364160347504,1.478705757346089
8,a,unstressed,first,initial,aCHA,KZ,177.138616491143,0.14385815921105,64.2545258424089,-0.1745948856799383,1.4357597217202835,0.09941758324615975
8,a,unstressed,first,initial,aRA,KZ,177.848110396238,0.122478312819567,61.4367935506365,-0.14859536263247305,0.6907469727501754,-1.0209142118055976
8,a,unstressed,first,initial,baHA,KZ,156.637188628115,0.09051499741156,60.1849787984075,-0.9258731452998993,-0.42306259548901654,-1.518636395184072
8,a,unstressed,first,initial,baLA,KZ,170.081084906621,0.12187669219918,67.6256757851183,-0.43321931327868496,0.6697826017240965,1.439788518317708
8,a,unstressed,first,initial,chaTAQ,KZ,166.306909596265,0.085622258780177,60.1444003341187,-0.5715245999937774,-0.5935573965747247,-1.5347704132630282
8,a,unstressed,first,initial,daDA,KZ,164.376020331062,0.109931627961032,63.0493221023828,-0.6422823606908572,0.25353895891512257,-0.37977203792867914
8,a,unstressed,first,initial,daLA,KZ,167.755642798866,0.136089750393865,67.6562202194018,-0.5184355290092854,1.165057888693074,1.4519330009534759
8,a,unstressed,first,medial,aCHA,KZ,163.045530495955,0.122322519809359,60.1155717389402,-0.6910383836585957,0.6853181321177362,-1.5462326773963029
8,a,unstressed,first,medial,aRA,KZ,165.902995367866,0.148368078767362,63.0113466351637,-0.5863261045804206,1.5929146191296748,-0.39487110304630535
8,a,unstressed,first,medial,baHA,KZ,159.257537026034,0.049751227878801,63.3187242505375,-0.8298500391465623,-1.8435371602680652,-0.2726576065420473
8,a,unstressed,first,medial,baLA,KZ,162.033737457227,0.098102254051923,66.2557228619366,-0.7281157091165941,-0.1586732812126356,0.8950945379683031
8,a,unstressed,first,medial,chaTAQ,KZ,175.460910507976,0.084210168124912,60.467464888064,-0.23607470257897212,-0.6427638090816485,-1.4063197819890867
8,a,unstressed,first,medial,daDA,KZ,161.645011678731,0.104435661777586,63.0765748201853,-0.7423606304112981,0.06202379086382196,-0.36893634344313037
8,a,unstressed,first,medial,daLA,KZ,165.114304253295,0.110341833009215,68.4902186696253,-0.6152278226408093,0.2678331678159865,1.7835312097462492
8,a,unstressed,second,initial,Acha,KZ,178.01020891033,0.07896768722128,63.7848834879044,-0.14265523541949865,-0.8254459031398208,-0.08731245622234984
8,a,unstressed,second,initial,Ara,KZ,203.453969270598,0.106098618380713,61.9851714944153,0.7897356267858535,0.11997200282137768,-0.802878861920018
8,a,unstressed,second,initial,BAla,KZ,199.316492815671,0.061453331931944,64.3917495789611,0.6381171087468364,-1.4357598287695867,0.15397781082496023
8,a,unstressed,second,initial,BAza,KZ,221.580423000065,0.112489405551628,65.6419629175547,1.453982561289096,0.34266854755347603,0.6510632713259586
8,a,unstressed,second,initial,CHAsa,KZ,220.300811547373,0.068821558638888,61.857739590402,1.4070909851710303,-1.1790029403682687,-0.8535458518916881
8,a,unstressed,second,initial,DAcha,KZ,234.644725924483,0.063255369378794,64.2620448102857,1.9327261312384278,-1.3729651366356144,0.10240712870544799
8,a,unstressed,second,initial,DAka,KZ,237.000596242421,0.0721939576691,61.5785251166982,2.0190573938302707,-1.0614866483371317,-0.9645616689167474
8,a,unstressed,second,initial,DOra,KZ,218.461560979985,0.074372315984817,63.8406568052179,1.3396913399119708,-0.9855784922485675,-0.0651369568378731
8,a,unstressed,second,medial,Acha,KZ,159.707817505284,0.083585115672975,62.8094246611843,-0.8133494355275407,-0.6645446973509676,-0.47515538279469655
8,a,unstressed,second,medial,Ara,KZ,179.318323071032,0.107954202843416,66.3854966326876,-0.09471917278999123,0.1846326208721839,0.9466926553482377
8,a,unstressed,second,medial,BAla,KZ,169.701017003907,0.08686065400974,65.6129269682123,-0.44714696526449166,-0.5504036611645519,0.6395185630714616
8,a,unstressed,second,medial,BAza,KZ,172.249592221381,0.114837299618216,69.2482622482272,-0.35375399933613544,0.4244844306430833,2.0849297228776464
8,a,unstressed,second,medial,CHAsa,KZ,177.618054586852,0.096121006719216,63.3840694381311,-0.1570257963196153,-0.22771281006153046,-0.24667632665662473
8,a,unstressed,second,medial,DAcha,KZ,163.167967469902,0.068063159452095,62.1542855124165,-0.6865516602306182,-1.2054304952076915,-0.7356390421866368
8,a,unstressed,second,medial,DAka,KZ,174.964486677246,0.096550687607874,67.3895554918278,-0.2542662370455686,-0.21273993634778215,1.345906969384649
8,a,unstressed,second,medial,DOra,KZ,179.646096963487,0.106379302851167,67.6291290247846,-0.0827078435734285,0.12975287332423904,1.4411615281687096
8,o,stressed,first,initial,DOra,KZ,185.122567854305,0.162849726380543,64.8959479032727,0.11797834995423793,2.097549306412103,0.35444732149759917
8,o,stressed,first,medial,DOra,KZ,160.017949182541,0.148171171828437,66.668422141121,-0.8019846082433473,1.586053102111562,1.059183981672832
8,o,unstressed,first,initial,doQA,KZ,182.217453286518,0.115604598431673,66.36015291876,0.011519939785666716,0.4512221062946181,0.9366159817761222
8,o,unstressed,first,medial,doQA,KZ,161.605740556461,0.166719164943288,64.0549883487843,-0.7437997272678415,2.2323856849255623,0.020081374101908536
9,a,stressed,first,initial,Acha,KZ,200.572302882516,0.114483932131179,65.188994197421,-0.9916437516622427,-0.7682875448014368,-0.7235463478854554
9,a,stressed,first,initial,Ara,KZ,208.433345065574,0.17396746957445,67.2691634775811,-0.7722429276557143,1.1323892362853467,0.017757705131483295
9,a,stressed,first,initial,BAla,KZ,209.539960324332,0.137387656009992,69.2030068989914,-0.7413574173155001,-0.0364451217041303,0.7069160250165176
9,a,stressed,first,initial,BAza,KZ,214.502939908893,0.134824469162652,69.9873383249308,-0.6028412021593204,-0.11834660126849478,0.9864260007203605
9,a,stressed,first,initial,CHAsa,KZ,232.245639772399,0.13654423052958,62.620950080331,-0.10764439752400747,-0.06339508628424446,-1.6387129790254922
9,a,stressed,first,initial,DAcha,KZ,240.024462944767,0.163353802283609,69.7142867394128,0.10946170292369539,0.7932508486075669,0.8891193781499038
9,a,stressed,first,initial,DAka,KZ,201.960720540669,0.07456889811084,63.8585335987701,-0.9528931673032762,-2.043692163282639,-1.1976788348738887
9,a,stressed,first,medial,Acha,KZ,239.149551389575,0.153041261385283,63.8325630169545,0.08504301750362994,0.463734349052557,-1.2069338977876292
9,a,stressed,first,medial,Ara,KZ,208.230239724681,0.124133455384253,64.8664961642192,-0.7779115754144158,-0.4599564403649182,-0.8384740614050407
9,a,stressed,first,medial,BAla,KZ,200.391966711466,0.118909161529359,66.526120510131,-0.9966769143912027,-0.6268882412357264,-0.24703841919840924
9,a,stressed,first,medial,BAza,KZ,198.112069654669,0.154966763826792,63.2835324200775,-1.0603085908614511,0.5252599062034298,-1.4025903814099165
9,a,stressed,first,medial,CHAsa,KZ,213.12710580015,0.092164752406546,61.1560185509624,-0.6412405810362164,-1.4814520353290883,-2.1607664919153953
9,a,stressed,first,medial,DAcha,KZ,189.747721193484,0.136999639456008,64.7189074561467,-1.2937566378159375,-0.04884341014718177,-0.891069832584423
9,a,stressed,first,medial,DAka,KZ,210.697763995412,0.081002476434236,64.3831433586629,-0.7090432440090387,-1.83812010983434,-1.0107251359754768
9,a,stressed,second,initial,aCHA,KZ,309.848254036166,0.122870155331938,71.3069373685559,2.0582360440318954,-0.500322652264652,1.4566877860118261
9,a,stressed,second,initial,aRA,KZ,286.029762082357,0.201880295205967,67.190367189587107,1.3934645494174651,2.024287429511412,-0.010322705539778458
9,a,stressed,second,initial,baHA,KZ,272.492765441267,0.162038597404148,66.092515083407,1.0156484598371658,0.7512261223688564,-0.40156116083600346
9,a,stressed,second,initial,baLA,KZ,293.660457206515,0.136701177725627,71.2321505797365,1.6064364123074804,-0.05838015435172943,1.430036229240604
9,a,stressed,second,initial,chaTAQ,KZ,306.502802309968,0.134263632566785,69.9341942691783,1.964864853760992,-0.13626700650271226,0.967487203623976
9,a,stressed,second,initial,daDA,KZ,317.081624627644,0.187091148411241,74.053883360026,2.260118622850153,1.5517299937397506,2.435609172995628
9,a,stressed,second,initial,daLA,KZ,267.813625657018,0.182303955545876,69.2832151779774,0.8850541823355785,1.398764875710899,0.7354996229308437
9,a,stressed,second,initial,doQA,KZ,264.588046568452,0.152516423265723,65.9173658257268,0.7950286242162211,0.44696420271369314,-0.46397860726192086
9,a,stressed,second,medial,aCHA,KZ,229.324593535073,0.1483623770892,68.5460394932673,-0.18917047720994323,0.3142300134800838,0.4727944055847488
9,a,stressed,second,medial,aRA,KZ,225.148674397126,0.19778060208489,68.9533598380879,-0.3057199217384034,1.8932899828272163,0.617950006800305
9,a,stressed,second,medial,baHA,KZ,263.553983331885,0.160480306456179,67.909579269152,0.7661680328474815,0.701434069806296,0.24598087256092477
9,a,stressed,second,medial,baLA,KZ,233.997355996835,0.098839082978486,64.8934207429091,-0.0587541900785919,-1.2681872280791442,-0.8288790253188139
9,a,stressed,second,medial,chaTAQ,KZ,240.990243493811,0.123866576694354,69.0020813157475,0.1364165319826713,-0.4684840120437485,0.635312742228863
9,a,stressed,second,medial,daDA,KZ,237.022660945986,0.166493219137465,68.8627213678936,0.025681738804383188,0.8935645988778388,0.5856494310946956
9,a,stressed,second,medial,daLA,KZ,218.298791171734,0.135837344532433,70.6287192329727,-0.4968994102849048,-0.08598220634135295,1.2149931039815656
9,a,stressed,second,medial,doQA,KZ,196.91372827449501,0.149578985451569,66.1940455251935,-1.0937541671767554,0.35310428635324775,-0.3653790439675408
9,a,unstressed,first,initial,aCHA,KZ,212.019515170178,0.098960287267346,63.7052385362029,-0.6721533138798953,-1.2643143888448594,-1.2523081634926665
9,a,unstressed,first,initial,aRA,KZ,200.756545514313,0.118402367230516,63.0658071397066,-0.9865015600428528,-0.6430818335807796,-1.4801805248288091
9,a,unstressed,first,initial,baHA,KZ,213.947420273836,0.112180567433597,67.8147313626896,-0.6183456941649721,-0.8418869302321418,0.2121801919377878
9,a,unstressed,first,initial,baLA,KZ,216.170709675845,0.124339901016413,69.9368026906938,-0.5562939311230394,-0.4533598854781561,0.9684167594345782
9,a,unstressed,first,initial,chaTAQ,KZ,231.832710909094,0.105842863629277,65.1739179923794,-0.11916919674979533,-1.0443955062858863,-0.7289190125084943
9,a,unstressed,first,initial,daDA,KZ,223.514606197219,0.111307392092783,70.9707384408579,-0.35132658573966385,-0.8697874917561683,1.336877523405079
9,a,unstressed,first,initial,daLA,KZ,216.648894537389,0.132399520787487,68.4944504380197,-0.5429478441530047,-0.1958309485369442,0.4544097596277525
9,a,unstressed,first,medial,aCHA,KZ,206.54773175329,0.085854370498339,65.7852721097257,-0.8248701881179974,-1.6830875951536488,-0.5110524718668983
9,a,unstressed,first,medial,aRA,KZ,211.904818402051,0.128987349185877,67.117638449447,-0.6753544880819858,-0.3048600280944427,-0.036240841314059025
9,a,unstressed,first,medial,baHA,KZ,204.103067445731,0.112422032865084,66.5923354301935,-0.8931005004617923,-0.8341713881042021,-0.22344159509342545
9,a,unstressed,first,medial,baLA,KZ,199.497784886615,0.09735278097881,61.3308451664834,-1.021633430921134,-1.3156790186129732,-2.098464024564769
9,a,unstressed,first,medial,chaTAQ,KZ,233.341284635353,0.116302205598458,63.7144435981852,-0.07706506972588129,-0.7101882738187842,-1.249027781544508
9,a,unstressed,first,medial,daDA,KZ,226.240492269224,0.13168955186012,68.3158708170138,-0.27524740483477683,-0.21851657742756825,0.3907698443090773
9,a,unstressed,first,medial,daLA,KZ,204.376732853177,0.112683251714316,70.6987593351666,-0.885462528994709,-0.8258246652484713,1.23995309744232
9,a,unstressed,second,initial,Acha,KZ,291.181256933689,0.185816228305271,68.0607729975764,1.5372422049659242,1.510992486400533,0.2998613546643404
9,a,unstressed,second,initial,Ara,KZ,260.974590782917,0.210379265531912,69.1868475058616,0.6941774700822114,2.2958549296298263,0.7011573477128654
9,a,unstressed,second,initial,BAla,KZ,301.933704642085,0.106097254716587,73.2048577879844,1.8373418396420333,-1.036266950827552,2.1330443271091295
9,a,unstressed,second,initial,BAza,KZ,290.682276535709,0.157166809766807,69.8416835617764,1.5233157168577873,0.5955579485735341,0.9345194240309546
9,a,unstressed,second,initial,CHAsa,KZ,297.161509352481,0.19352725586873,67.4583029848039,1.704150393205616,1.7573828605803508,0.0851608172854565
9,a,unstressed,second,initial,DAcha,KZ,326.806028004326,0.163353802283609,71.022256248428,2.5315256531309567,0.7932508486075669,1.3552367790284086
9,a,unstressed,second,initial,DAka,KZ,288.170113829454,0.120327085587917,68.3467619270628,1.4532015316192595,-0.5815813302603035,0.4017784219762525
9,a,unstressed,second,initial,DOra,KZ,275.561300149645,0.119764273609484,67.8644021025046,1.1012909265525477,-0.5995648548707102,0.2298812132404266
9,a,unstressed,second,medial,Acha,KZ,247.704046210639,0.183271634004598,66.9436321619174,0.3237980284799107,1.4296850942638866,-0.09825097069458238
9,a,unstressed,second,medial,Ara,KZ,232.912563815738,0.185878593813698,67.480308905921,-0.08903062071796276,1.512985250766992,0.0930030052602888
9,a,unstressed,second,medial,BAla,KZ,199.023125394327,0.167553818518684,65.282525376331,-1.0348811252223997,0.927453918588195,-0.690214905742392
9,a,unstressed,second,medial,BAza,KZ,217.499340821376,0.140381656643086,68.2580561961991,-0.5192119817654233,0.05922214575298732,0.37016661112880794
9,a,unstressed,second,medial,CHAsa,KZ,211.862648119361,0.155695795327631,62.380035792778,-0.6765314560405999,0.5485546412828125,-1.7245669234597543
9,a,unstressed,second,medial,DAcha,KZ,231.030313519729,0.135185074695073,64.7559305187703,-0.1415640197653471,-0.10682417687909707,-0.8778760282917911
9,a,unstressed,second,medial,DAka,KZ,239.202052241098,0.166095987031838,64.0143545105724,0.08650831050383936,0.8808718460201678,-1.142149376494929
9,a,unstressed,second,medial,DOra,KZ,212.116340055338,0.138417014939193,69.057743390432,-0.6694509419686722,-0.0035540277942804144,0.6551488786224209
9,o,stressed,first,initial,DOra,KZ,228.985585592687,0.125571026269341,66.7373347342173,-0.1986321516510943,-0.41402175456955886,-0.1717686025237035
9,o,stressed,first,medial,DOra,KZ,207.625416944008,0.14820407660153,68.6456642868744,-0.7947921127995944,0.30917183983605656,0.5082974119921115
9,o,unstressed,first,initial,doQA,KZ,220.315663620046,0.111509649085789,67.5688607888477,-0.44060872175134197,-0.8633247764076473,0.12455998975281406
9,o,unstressed,first,medial,doQA,KZ,198.906310877862,0.105634876731301,66.6005216455881,-1.0381414055480258,-1.0510413092213668,-0.22052429662701362
11,a,stressed,first,initial,Acha,KZ,126.65995859336,0.148477433640778,69.7490477225817,-0.3464314807939241,1.0931444680351803,-0.5217822625194054
11,a,stressed,first,initial,aRA,KZ,126.30677130555,0.105913512857455,71.9184513529552,-0.36189664447067216,-0.6500629846244813,0.16024126846779788
11,a,stressed,first,initial,Ara,KZ,137.340919991052,0.132182255004011,75.8995715229081,0.12126036979497652,0.42577463181552333,1.411837604705223
11,a,stressed,first,initial,BAla,KZ,116.724868987457,0.110754675326348,75.7974043899088,-0.7814635224372335,-0.4517929394782391,1.3797179991954711
11,a,stressed,first,initial,BAza,KZ,115.574394038104,0.159573292806499,72.8391725346833,-0.8318398638623924,1.5475759216085414,0.4497003173165325
11,a,stressed,first,initial,CHAsa,KZ,124.211285126922,0.102226640704203,70.1321100342935,-0.45365259904024574,-0.8010590135680937,-0.4013539997636964
11,a,stressed,first,initial,DAcha,KZ,112.741997790667,0.113591519777856,68.037287529077,-0.955863216559006,-0.3356098365380949,-1.059930495993322
11,a,stressed,first,initial,DAka,KZ,131.748857388894,0.110642509392875,73.4542405819478,-0.12360168050485856,-0.45638670075695287,0.6430672295496952
11,a,stressed,first,medial,Acha,KZ,115.685501222186,0.177028015028668,62.7632819883001,-0.8269747658059327,2.262434921950232,-2.7179879598076697
11,a,stressed,first,medial,Ara,KZ,125.86628404468,0.134878487640862,71.6521123311625,-0.3811844496154078,0.5361989710249974,0.07650881889525697
11,a,stressed,first,medial,BAla,KZ,108.576838633217,0.111696247577584,69.917269380924,-1.1382448320160223,-0.41323080198325435,-0.46889623992554263
11,a,stressed,first,medial,BAza,KZ,115.872702432383,0.13487848764089,72.207956976811,-0.8187777059000303,0.5361989710261443,0.2512569029298793
11,a,stressed,first,medial,CHAsa,KZ,129.616425686413,0.105373818469417,64.3966850471433,-0.21697538461760682,-0.6721661946218801,-2.2044738741297865
11,a,stressed,first,medial,DAcha,KZ,113.734397096526,0.111696247577584,69.4908583023142,-0.9124086013236558,-0.41323080198325435,-0.6029526162557733
11,a,stressed,first,medial,DAka,KZ,121.957247001483,0.113129275427724,70.1011021521193,-0.5523511358978265,-0.35454107645374794,-0.41110234949115004
11,a,stressed,second,initial,aCHA,KZ,163.967010827869,0.114953941160422,74.7403740395707,1.2871484611151056,-0.27981180233344366,1.0474056706805066
11,a,stressed,second,initial,aRA,KZ,154.862448383235,0.113803723946972,70.8890485074635,0.8884830694909778,-0.32691900443708727,-0.16338544334407826
11,a,stressed,second,initial,baHA,KZ,141.087816082739,0.116663275398878,68.8206362532692,0.28532732049700615,-0.2098059351876165,-0.8136590067288293
11,a,stressed,second,initial,baLA,KZ,161.502960134561,0.122173302304986,75.0171564055669,1.1792540136221017,0.015857485623140356,1.1344213296979198
11,a,stressed,second,initial,chaTAQ,KZ,136.135530589317,0.095772675916464,71.9438727439108,0.06847946562472923,-1.0653814563820965,0.16823332055962525
11,a,stressed,second,initial,daDA,KZ,179.014600361176,0.178779939869855,77.3381338915526,1.94604373595949,2.3341850893091878,1.8640970978080864
11,a,stressed,second,initial,daLA,KZ,154.840996930991,0.155874410492118,73.1018996159063,0.8875437655253265,1.3960880159298346,0.5322972343276952
11,a,stressed,second,initial,doQA,KZ,195.643324153995,0.170606246007921,75.3603133635308,2.674172816668996,1.9994310583444326,1.2423040292917615
11,a,stressed,second,medial,aCHA,KZ,140.151261154449,0.111311372634987,71.1006852025369,0.2443179870408663,-0.4289933740379401,-0.09685047306952066
11,a,stressed,second,medial,aRA,KZ,122.833880482105,0.099722498352094,72.0224044584728,-0.5139656086428652,-0.9036162857925887,0.19292235330123436
11,a,stressed,second,medial,baHA,KZ,117.744499468095,0.12837624752683,69.7590306847556,-0.7368165240397407,0.26989940986698807,-0.5186437893389267
11,a,stressed,second,medial,baLA,KZ,150.05706680433,0.119072414870459,74.7238087011131,0.6780677595068468,-0.11113951057097217,1.0421978105715501
11,a,stressed,second,medial,chaTAQ,KZ,126.92215749199,0.083483529476212,71.0597344107322,-0.33495046484819324,-1.56868404851235,-0.10972470414036466
11,a,stressed,second,medial,daDA,KZ,131.225084359968,0.141200916749028,70.7021958830653,-0.14653635539656715,0.7951343636635816,-0.22212872416192408
11,a,stressed,second,medial,daLA,KZ,123.768253743498,0.143503107384731,70.1919606008196,-0.4730518047734773,0.8894206934880926,-0.3825380016053991
11,a,stressed,second,medial,doQA,KZ,112.032085435605,0.146096176583342,68.4411959375374,-0.9869484541825234,0.9956199690504142,-0.9329485756735189
11,a,unstressed,first,initial,aCHA,KZ,126.713538229874,0.103138045375886,70.0148232145318,-0.3440853662053508,-0.7637323907657803,-0.43822697712584974
11,a,unstressed,first,initial,baHA,KZ,111.747758993019,0.097774935572375,71.0980420159343,-0.9993983784124842,-0.9833788144706075,-0.09768144589289107
11,a,unstressed,first,initial,baLA,KZ,115.947044673612,0.099733308004034,74.3472533099986,-0.8155224502088309,-0.9031735759699105,0.9238152127624198
11,a,unstressed,first,initial,chaTAQ,KZ,116.85126201134,0.066304160249729,67.9701132117582,-0.7759290967389869,-2.2722659534794047,-1.0810489565914247
11,a,unstressed,first,initial,daDA,KZ,133.315475562651,0.127027852012816,78.2651366767237,-0.05500349673004128,0.21467580579329984,2.1555309757298775
11,a,unstressed,first,initial,daLA,KZ,117.418997541007,0.115911200316361,72.4579549689153,-0.7510694169191153,-0.2406072068908787,0.3298520112478866
11,a,unstressed,first,medial,aCHA,KZ,127.327979558906,0.102817477983081,66.3477974788245,-0.3171805594605786,-0.7768612439807386,-1.5910773759506358
11,a,unstressed,first,medial,aRA,KZ,122.331628746606,0.132557955126572,66.9457082489704,-0.5359579214030044,0.4411614486679333,-1.4031044192537871
11,a,unstressed,first,medial,baHA,KZ,112.532448436874,0.088151689968413,69.0303480278646,-0.9650388442404553,-1.3774993077634539,-0.7477291986485666
11,a,unstressed,first,medial,baLA,KZ,124.085542147881,0.144362131303097,74.1252152551692,-0.459158560945412,0.9246020599823008,0.8540102322377893
11,a,unstressed,first,medial,chaTAQ,KZ,113.827173669716,0.069569607896881,65.4297987830855,-0.9083461536102966,-2.138529385747241,-1.8796805216002839
11,a,unstressed,first,medial,daDA,KZ,115.15859227324,0.115911200316361,69.3848242591384,-0.8500467545763123,-0.2406072068908787,-0.6362879124261569
11,a,unstressed,first,medial,daLA,KZ,105.999768569588,0.087561218065275,70.0034209161284,-1.251088107286762,-1.4016821133695476,-0.44181166542892747
11,a,unstressed,second,initial,Acha,KZ,179.22622728037,0.13487848764089,73.8980876660468,1.9553103348907115,0.5361989710261443,0.7826051888659423
11,a,unstressed,second,initial,Ara,KZ,190.002343726828,0.135660735398858,76.2234972813968,2.4271687805259963,0.5682359661248295,1.5136743429170667
11,a,unstressed,second,initial,BAla,KZ,148.342330579008,0.133297662339714,74.9252625032217,0.6029838669027636,0.4714561936774306,1.1055314528321425
11,a,unstressed,second,initial,BAza,KZ,153.616209638284,0.13713329850566,71.7749453017533,0.8339134775600802,0.6285448600201182,0.11512541156204698
11,a,unstressed,second,initial,CHAsa,KZ,165.261496768747,0.139626631205601,72.5949092768644,1.3438306737651182,0.730659422412598,0.37290811172803096
11,a,unstressed,second,initial,DAcha,KZ,158.245706697614,0.140318936196195,67.0500352068931,1.0366272564378674,0.7590128070845709,-1.370305801595284
11,a,unstressed,second,initial,DAka,KZ,189.829108304778,0.162275680442917,74.1678766366455,2.4195832465923544,1.6582523391256254,0.8674222435499735
11,a,unstressed,second,initial,DOra,KZ,198.350052381706,0.114041608294073,76.8356114929831,2.792693489736209,-0.3171764393935955,1.7061126195514893
11,a,unstressed,second,medial,Acha,KZ,131.18685083794,0.080084102036778,69.2598701976065,-0.14821050306979763,-1.707907765175194,-0.6755713399377549
11,a,unstressed,second,medial,Ara,KZ,126.474992078453,0.126448582163306,73.0470384645382,-0.3545306891360242,0.1909517808401642,0.5150498232667791
11,a,unstressed,second,medial,BAla,KZ,115.691813111545,0.115911200316361,69.6188996403975,-0.8266983843918345,-0.2406072068908787,-0.5626986016089609
11,a,unstressed,second,medial,BAza,KZ,133.429795414867,0.09799765117657,72.2937102833332,-0.049997724192233625,-0.9742574860330159,0.27821628111531377
11,a,unstressed,second,medial,CHAsa,KZ,133.646542863199,0.124341105793917,71.1718910242906,-0.04050691044931342,0.10463998329395505,-0.07446457618091454
11,a,unstressed,second,medial,DAcha,KZ,139.277081414495,0.115911200316361,69.1323927841898,0.20603990278388576,-0.2406072068908787,-0.7156480662796406
11,a,unstressed,second,medial,DAka,KZ,144.498601071309,0.094882618100655,72.2850378126915,0.434676829765885,-1.101833817660434,0.27548980413951196
11,a,unstressed,second,medial,DOra,KZ,120.080975093029,0.122906307284438,71.8769775695494,-0.6345082609355069,0.045877740324817035,0.1472026177502474
11,o,stressed,first,initial,DOra,KZ,140.955926565511,0.142323927151004,74.7584216510807,0.27955221748062625,0.8411273094757056,1.053079532176634
11,o,stressed,first,medial,DOra,KZ,115.546151700012,0.11826833342468,69.0653863926279,-0.8330765232674211,-0.14407070541936812,-0.736713733881521
11,o,unstressed,first,initial,doQA,KZ,137.716389061381,0.166201702142203,74.3051822861542,0.13770119546625034,1.8190427493967685,0.9105887998289887
11,o,unstressed,first,medial,doQA,KZ,113.540683089939,0.127544281144253,66.8855582934525,-0.9208908398462332,0.2358261860713376,-1.4220145402090003
14,a,stressed,first,initial,Acha,KZ,115.032945441526,0.080639966537888,60.2311745521277,-1.2886679059326323,-0.23143433151946055,-2.633448350307621
14,a,stressed,first,initial,aRA,KZ,121.214371467808,0.064791230547996,70.0297019066735,-0.6928001090669821,-1.0999328854233381,0.5782347388116403
14,a,stressed,first,initial,Ara,KZ,116.65961263114,0.089889038522131,66.6563182622824,-1.1318628919459257,0.27540770612890847,-0.527466027413817
14,a,stressed,first,initial,BAla,KZ,128.63058236712,0.087000243627585,70.9938412805814,0.022096620405337226,0.11710396568940384,0.894252647492328
14,a,stressed,first,initial,BAza,KZ,121.974075267953,0.087030559838638,67.347449046299,-0.6195673262530873,0.11876527075979969,-0.3009326953038546
14,a,stressed,first,initial,CHAsa,KZ,140.632076047029,0.060916821027945,65.2727577420736,1.1789985339344633,-1.3122475499834507,-0.9809584518102419
14,a,stressed,first,initial,DAcha,KZ,128.36345241905,0.08915456173122,67.1215409162467,-0.0036537700315211023,0.23515894236699084,-0.3749790590818705
14,a,stressed,first,initial,DAka,KZ,125.195317869002,0.074272874042777,66.0743649978398,-0.3090508331824189,-0.5803461077079801,-0.7182140235604989
14,a,stressed,first,medial,Acha,KZ,119.641401508141,0.090577653510025,64.6532835958501,-0.8444288983491822,0.3131432783262062,-1.1840047431133516
14,a,stressed,first,medial,Ara,KZ,121.341227898064,0.107458626274678,69.1487962161697,-0.6805715939487066,1.2382076143049505,0.28949850254574605
14,a,stressed,first,medial,BAla,KZ,111.214476585576,0.053691922336213,68.8959513605873,-1.6567549161016393,-1.708166446599131,0.20662303386952224
14,a,stressed,first,medial,BAza,KZ,116.311329640123,0.080561690723982,68.4930094323072,-1.1654361512004583,-0.23572378597351723,0.07454994470741196
14,a,stressed,first,medial,CHAsa,KZ,124.634431119525,0.080593969706001,62.3452199957545,-0.3631183493641202,-0.23395492256239964,-1.940523408094144
14,a,stressed,first,medial,DAcha,KZ,113.021745994426,0.080513469786695,67.3811180300482,-1.4825404813716216,-0.2383662562833488,-0.28989694454025094
14,a,stressed,first,medial,DAka,KZ,118.026705826343,0.082174243621807,68.8390916622664,-1.0000799009545085,-0.14735712627600395,0.1879860157807829
14,a,stressed,second,initial,aCHA,KZ,128.983419673882,0.121681091516933,66.0927547549062,0.05610889973026359,2.0175877808825624,-0.7121863757675095
14,a,stressed,second,initial,aRA,KZ,127.141975120724,0.085334791453448,71.3173546205968,-0.12139989909305361,0.02583846629837533,1.0002912679539941
14,a,stressed,second,initial,baHA,KZ,130.436812114151,0.044896749830741,66.0937621575866,0.19621083538105366,-2.1901351415921773,-0.7118561773575337
14,a,stressed,second,initial,baLA,KZ,125.599608529626,0.089837997252801,72.0353587142665,-0.2700786309405554,0.272610683790295,1.2356329190121538
14,a,stressed,second,initial,chaTAQ,KZ,140.331115360606,0.058383849002098,68.445687288525,1.1499869789308828,-1.4510524706364378,0.0590390701211726
14,a,stressed,second,initial,daDA,KZ,135.72196533196,0.108402347364859,74.0018545261019,0.705681075840676,1.289922804881254,1.8801952205875594
14,a,stressed,second,initial,daLA,KZ,128.586937798276,0.093004039333437,71.9108488539586,0.017889436986551124,0.4461073569877592,1.1948220707785209
14,a,stressed,second,initial,doQA,KZ,124.357275264654,0.13590355675916,68.5066412041898,-0.38983520206578237,2.79696794745864,0.07901805809281459
14,a,stressed,second,medial,aCHA,KZ,118.950738428632,0.094418688402868,62.6331159119865,-0.9110063977504027,0.5236290389607496,-1.8461591825189754
14,a,stressed,second,medial,aRA,KZ,136.022952562163,0.096991480923407,68.9694912846256,0.7346951895715856,0.6646160921243535,0.23072736321033394
14,a,stressed,second,medial,baHA,KZ,142.901561200585,0.098106657707831,65.7871623602626,1.3977689459266158,0.7257269229967419,-0.8123510117916128
14,a,stressed,second,medial,baLA,KZ,138.307564262902,0.08533479145342,71.2623512656232,0.954923747678531,0.025838466296841417,0.9822627072711887
14,a,stressed,second,medial,chaTAQ,KZ,142.583010379567,0.06230200925819,64.151538137909,1.367061763619056,-1.2363402993598223,-1.3484628646252776
14,a,stressed,second,medial,daDA,KZ,141.849103562861,0.088963528206648,68.9188747703116,1.2963157195645039,0.22469045201269697,0.21413668614527254
14,a,stressed,second,medial,daLA,KZ,139.324231165407,0.119622826472096,70.3587225980546,1.0529268726477816,1.904796438018884,0.6860785149469165
14,a,stressed,second,medial,doQA,KZ,139.519540818455,0.089534963140636,68.9050361571571,1.071754038446334,0.25600464729838124,0.20960077597867316
14,a,unstressed,first,initial,aCHA,KZ,114.654930625441,0.090075613200838,62.3101344188953,-1.3251072088839972,0.28563185515602696,-1.9520234784407757
14,a,unstressed,first,initial,baHA,KZ,127.173777617564,0.03950913985102,67.4609737186878,-0.11833424989717117,-2.48537202858241,-0.26372248428783523
14,a,unstressed,first,initial,baLA,KZ,129.883239550863,0.07299337276794,71.5697000676555,0.1428483811044497,-0.6504617943862637,1.0830030444903611
14,a,unstressed,first,initial,chaTAQ,KZ,132.259482482345,0.060978686735439,61.2305958821674,0.371909868596098,-1.3088573567510666,-2.305866003649736
14,a,unstressed,first,initial,daDA,KZ,131.772695760821,0.091055071778328,69.8247375420479,0.32498533531450774,0.33930543257578766,0.5110531553020831
14,a,unstressed,first,initial,daLA,KZ,123.170859965803,0.062947855890343,68.644079828818093,-0.5042014773052296,-1.200948400193459,0.12406659350417941
14,a,unstressed,first,medial,aCHA,KZ,124.468835527709,0.100930322085787,70.9853176434311,-0.3790811838373515,0.880461561174117,0.8914588377387919
14,a,unstressed,first,medial,aRA,KZ,118.013860948912,0.092141906877259,67.2748670829649,-1.0013181021047417,0.3988631608612205,-0.32472303193102775
14,a,unstressed,first,medial,baHA,KZ,114.202865647289,0.075893829547567,68.9658675568519,-1.3686846878388927,-0.49151899160544016,0.22953960664353054
14,a,unstressed,first,medial,baLA,KZ,120.013799521113,0.079013695790195,71.3620408939499,-0.8085310355254094,-0.32055271884879455,1.0149381779692332
14,a,unstressed,first,medial,chaTAQ,KZ,129.913014128936,0.061740729895519,60.9826560602438,0.14571854604107146,-1.2670979771409876,-2.3871337395429104
14,a,unstressed,first,medial,daDA,KZ,114.392134328458,0.094076374655344,67.3562719481685,-1.350439850549839,0.5048705086340649,-0.29804079494925034
14,a,unstressed,first,medial,daLA,KZ,116.481090927413,0.069510561328343,70.0966512532701,-1.1490717582884535,-0.8413171850457486,0.6001788612814455
14,a,unstressed,second,initial,Acha,KZ,128.683376073779,0.07903893757441,65.9537630434364,0.027185748632626846,-0.31916948846987614,-0.7577439695877893
14,a,unstressed,second,initial,Ara,KZ,115.649982616364,0.091829089713315007,68.1673728757103,-1.2291876856094144,0.3817210206492225,-0.03218460673884317
14,a,unstressed,second,initial,BAla,KZ,127.459702922246,0.079595967574278,72.5652978690979,-0.09077205297940316,-0.2886446725050581,1.4093321454621972
14,a,unstressed,second,initial,BAza,KZ,121.096473825447,0.088434278545719,70.1622056700051,-0.7041650284416705,0.19568797727501996,0.6216657647748763
14,a,unstressed,second,initial,CHAsa,KZ,141.486921056549,0.071445654291893,69.8388718205199,1.2614025957672084,-0.7352755775898225,0.5156859762865919
14,a,unstressed,second,initial,DAcha,KZ,139.585695819392,0.078102343334763,68.3396095993259,1.0781311485973515,-0.37049413311326646,0.024269771816817283
14,a,unstressed,second,initial,DAka,KZ,129.682234218936,0.064791230547968,68.1808598918292,0.12347217183099904,-1.0999328854248727,-0.027763940242294696
14,a,unstressed,second,initial,DOra,KZ,130.588473025954,0.11343096381249,73.2004811924995,0.2108304155559927,1.5654871221675146,1.6175274654776124
14,a,unstressed,second,medial,Acha,KZ,149.461721042299,0.093453134573792,66.8646340101334,2.03014535475987,0.4707174310695148,-0.45918595425977193
14,a,unstressed,second,medial,Ara,KZ,144.411146563402,0.099557256695647,71.681906351339,1.5432876822987538,0.8052186328729188,1.1197811245793046
14,a,unstressed,second,medial,BAla,KZ,131.87791116993,0.104256624265417,70.1241292450505,0.3351277318675911,1.0627403646508384,0.6091853781110516
14,a,unstressed,second,medial,BAza,KZ,135.53810600169,0.113221835612023,69.4456672086783,0.6879576810131118,1.5540270574783208,0.3868045069880966
14,a,unstressed,second,medial,CHAsa,KZ,147.36614300527,0.088495339285032,66.2816286259164,1.8281389790829026,0.19903405886963202,-0.6502788058285902
14,a,unstressed,second,medial,DAcha,KZ,147.312515841234,0.083388950850463,67.4321123112061,1.8229695084865662,-0.08079210353998544,-0.273182446074251
14,a,unstressed,second,medial,DAka,KZ,152.226834028361,0.079013695790224,66.6590927457227,2.2966925521353585,-0.3205527188472051,-0.5265566293763522
14,a,unstressed,second,medial,DOra,KZ,136.834996079928,0.089040006862831,72.5011229880557,0.8129733376610977,0.22888142360448896,1.3882974151673562
14,o,stressed,first,initial,DOra,KZ,123.623900559605,0.116266737907793,69.7289658620269,-0.46052995242218,1.720885363550266,0.4796618784284929
14,o,stressed,first,medial,DOra,KZ,118.434978107051,0.06900600531867,71.3610099379467,-0.9607238844961008,-0.8689664666694686,1.0146002594391044
14,o,unstressed,first,initial,doQA,KZ,123.56254881,0.069749319700208,68.2680960195712,-0.466444045984985,-0.8282334097320927,8.29621431976382e-4
14,o,unstressed,first,medial,doQA,KZ,113.890971027426,0.086279146299148,71.3012605379427,-1.3987502356917394,0.07758838619013586,0.995016077996893
